entry_date,exit_date,direction,rr,exit_reason,symbol,entry,entry_price,sl,stop_loss,tp1,tp2,tp3
2024-12-10,2025-01-05,bearish,0.6,TP2+Trail,EUR_USD,1.0496,1.0496,1.0670718806397734,1.0670718806397734,1.039116871616136,1.028633743232272,1.0146562387204534
2025-01-06,2025-01-19,bearish,0.5999999999999978,TP2+Trail,EUR_USD,1.04749462,1.04749462,1.0671583073285298,1.0671583073285298,1.035696407602882,1.0238981952057642,1.0081672453429402
2025-01-20,2025-02-04,bearish,0.0,TP1+Trail,EUR_USD,1.0398216999999998,1.0398216999999998,1.0577071053119147,1.0577071053119147,1.029090456812851,1.018359213625702,1.0040508893761702
2025-02-05,2025-03-03,bearish,-1.0,SL,EUR_USD,1.0383,1.0383,1.0576128742774273,1.0576128742774273,1.0267122754335436,1.0151245508670872,0.9996742514451453
2025-03-05,2025-03-06,bullish,3.5,TP5,EUR_USD,1.03774664,1.03774664,1.0237680426824993,1.0237680426824993,1.0461337983905004,1.0545209567810008,1.0657038346350012
2025-03-09,2025-03-10,bullish,3.5,TP5,EUR_USD,1.03774664,1.03774664,1.0237975980272571,1.0237975980272571,1.0461160651836456,1.0544854903672913,1.0656447239454856
2025-03-11,2025-03-12,bullish,3.5,TP5,EUR_USD,1.03774664,1.03774664,1.0238463472786044,1.0238463472786044,1.0460868156328373,1.0544269912656747,1.0655472254427911
2025-03-19,2025-04-06,bullish,1.1999999999999984,TP3+Trail,EUR_USD,1.05372188,1.05372188,1.0240536800085016,1.0240536800085016,1.0715227999948993,1.0893237199897983,1.1130582799829971
2025-04-07,2025-04-22,bullish,2.0,TP4+Trail,EUR_USD,1.06604048,1.06604048,1.0304583887257397,1.0304583887257397,1.0873897347645562,1.1087389895291124,1.1372046625485208
2024-12-11,2025-01-06,bearish,0.5999999999999975,TP2+Trail,GBP_USD,1.26736,1.26736,1.2856041159371432,1.2856041159371432,1.2564135304377142,1.2454670608754284,1.2308717681257137
2025-01-07,2025-01-21,bearish,1.200000000000002,TP3+Trail,GBP_USD,1.2636071,1.2636071,1.2863282641197564,1.2863282641197564,1.2499744015281462,1.2363417030562922,1.218164771760487
2025-01-22,2025-02-04,bearish,0.0,TP1+Trail,GBP_USD,1.25396542,1.25396542,1.2865873381964184,1.2865873381964184,1.2343922690821492,1.2148191181642982,1.1887215836071636
2025-02-05,2025-04-02,bullish,3.5,TP5,GBP_USD,1.22936414,1.22936414,1.204405798060364,1.204405798060364,1.2443391451637815,1.259314150327563,1.2792808238792719
2025-04-03,2025-05-08,bullish,2.0,TP4+Trail,GBP_USD,1.2593115,1.2593115,1.227980534283667,1.227980534283667,1.2781100794297997,1.2969086588595995,1.3219734314326659
2025-05-11,2025-07-14,bullish,1.2000000000000026,TP3+Trail,GBP_USD,1.2989290199999999,1.2989290199999999,1.2653257641753068,1.2653257641753068,1.3190909734948157,1.3392529269896316,1.366135531649386
2025-07-15,2025-07-28,bullish,-1.0,SL,GBP_USD,1.3530228800000001,1.3530228800000001,1.3322523035310274,1.3322523035310274,1.3654852258813839,1.3779475717627674,1.3945640329379456
2025-07-31,2025-09-15,bearish,0.0,TP2+Trail,GBP_USD,1.3626908400000002,1.3626908400000002,1.3838210982304109,1.3838210982304109,1.3500126850617538,1.3373345301235073,1.3204303235391788
2025-09-16,2025-10-08,bullish,0.0,TP2+Trail,GBP_USD,1.33130562,1.33130562,1.309963515227878,1.309963515227878,1.3441108828632733,1.3569161457265464,1.373989829544244
2025-10-12,2025-10-28,bullish,-1.0,SL,GBP_USD,1.34776696,1.34776696,1.3227289871142098,1.3227289871142098,1.362789743731474,1.377812527462948,1.3978429057715802
2025-10-29,2025-11-30,bearish,1.199999999999998,TP3+Trail,GBP_USD,1.3544004,1.3544004,1.376924748354496,1.376924748354496,1.3408857909873024,1.327371181974605,1.3093517032910083
2024-12-10,2025-01-26,bullish,0.6000000000000014,TP2+Trail,USD_JPY,151.74087400000002,151.74087400000002,147.8609635594235,147.8609635594235,154.06882026434593,156.39676652869184,159.50069488115304
2025-01-27,2025-02-04,bullish,0.0,TP1+Trail,USD_JPY,152.554152,152.554152,147.9236978245083,147.9236978245083,155.332424505295,158.11069701059,161.81506035098334
2025-02-11,2025-02-19,bullish,-1.0,SL,USD_JPY,154.42,154.42,150.16948224478153,150.16948224478153,156.97031065313107,159.52062130626214,162.9210355104369
2025-02-23,2025-03-11,bearish,2.0,TP4+Trail,USD_JPY,154.529468,154.529468,157.48610755061742,157.48610755061742,152.75548426962956,150.98150053925912,148.6161888987652
2025-03-12,2025-04-09,bearish,2.0,TP4+Trail,USD_JPY,153.088232,153.088232,156.6494217291341,156.6494217291341,150.95151816251953,148.8148043250391,145.9658525417318
2025-04-10,2025-04-22,bearish,2.0,TP4+Trail,USD_JPY,151.648298,151.648298,155.8711548815941,155.8711548815941,149.11458387104355,146.58086974208712,143.20258423681184
2025-04-23,2025-07-29,bearish,0.0,TP4+Trail,USD_JPY,149.486534,149.486534,152.21210045170886,152.21210045170886,147.8511941289747,146.2158542579494,144.0354010965823
2025-08-03,2025-09-04,bullish,0.5999999999999982,TP2+Trail,USD_JPY,145.16767399999998,145.16767399999998,141.93019802523125,141.93019802523125,147.1101595848612,149.05264516972244,151.64262594953743
2025-09-07,2025-09-16,bullish,-1.0,SL,USD_JPY,147.53,147.53,145.6083389195732,145.6083389195732,148.68299664825608,149.83599329651216,151.37332216085358
2025-09-17,2025-09-30,bullish,0.0,TP1+Trail,USD_JPY,147.388442,147.388442,145.01139175301478,145.01139175301478,148.81467214819114,150.24090229638227,152.14254249397044
2025-10-01,2025-10-09,bullish,2.0,TP4+Trail,USD_JPY,147.264,147.264,144.92295485046702,144.92295485046702,148.6686270897198,150.0732541794396,151.946090299066
2025-10-13,2025-10-27,bullish,2.0,TP4+Trail,USD_JPY,147.193214,147.193214,144.83564332871188,144.83564332871188,148.60775640277288,150.02229880554577,151.90835534257627
2025-10-28,2025-11-30,bullish,2.0,TP4+Trail,USD_JPY,148.46069,148.46069,144.89764999379705,144.89764999379705,150.59851400372176,152.73633800744355,155.5867700124059
2024-12-10,2025-01-05,bullish,2.0,TP4+Trail,USD_CHF,0.8820495,0.8820495,0.8706355877751154,0.8706355877751154,0.8888978473349308,0.8957461946698616,0.9048773244497693
2025-01-06,2025-03-03,bullish,0.0,TP2+Trail,USD_CHF,0.88889494,0.88889494,0.8703442333965994,0.8703442333965994,0.9000253639620404,0.9111557879240808,0.9259963532068013
2025-03-04,2025-04-02,bearish,3.5,TP5,USD_CHF,0.90629448,0.90629448,0.9186529845737653,0.9186529845737653,0.8988793772557409,0.8914642745114817,0.8815774708524694
2025-04-03,2025-04-08,bearish,3.500000000000004,TP5,USD_CHF,0.89290872,0.89290872,0.9073692743688109,0.9073692743688109,0.8842323873787135,0.8755560547574269,0.8639876112623782
2025-04-09,2025-04-10,bearish,3.5,TP5,USD_CHF,0.89290872,0.89290872,0.9095122559675034,0.9095122559675034,0.882946598419498,0.8729844768389959,0.8597016480649932
2025-04-13,2025-04-14,bearish,3.5,TP5,USD_CHF,0.89290872,0.89290872,0.9097608737678983,0.9097608737678983,0.8827974277392611,0.872686135478522,0.8592044124642034
2024-12-10,2025-01-05,bullish,2.0,TP4+Trail,USD_CAD,1.3958648200000001,1.3958648200000001,1.3785915208726394,1.3785915208726394,1.4062287994764167,1.416592778952833,1.4304114182547216
2025-01-14,2025-01-19,bullish,0.6000000000000019,TP2+Trail,USD_CAD,1.41340654,1.41340654,1.3888903423636165,1.3888903423636165,1.4281162585818301,1.4428259771636602,1.462438935272767
2025-01-20,2025-02-03,bullish,1.2,TP4+Trail,USD_CAD,1.41326138,1.41326138,1.3877811398440039,1.3877811398440039,1.4285495240935977,1.4438376681871954,1.4642218603119923
2025-02-04,2025-02-12,bullish,0.0,TP1+Trail,USD_CAD,1.41859632,1.41859632,1.3916864309028991,1.3916864309028991,1.4347422534582606,1.450888186916521,1.4724160981942018
2025-02-13,2025-02-16,bullish,-1.0,SL,USD_CAD,1.44645532,1.44645532,1.4207003616843994,1.4207003616843994,1.4619082949893605,1.4773612699787209,1.4979652366312015
2025-02-17,2025-04-02,bullish,-1.0,SL,USD_CAD,1.44645532,1.44645532,1.4111804535700552,1.4111804535700552,1.467620239857967,1.488785159715934,1.51700505285989
2025-04-03,2025-04-20,bearish,3.5,TP5,USD_CAD,1.44121334,1.44121334,1.457893754825089,1.457893754825089,1.4312050911049465,1.4211968422098933,1.407852510349822
2025-04-21,2025-05-28,bearish,2.0,TP4+Trail,USD_CAD,1.43328684,1.43328684,1.4575308454130766,1.4575308454130766,1.418740436752154,1.4041940335043082,1.384798829173847
2025-06-01,2025-11-04,bearish,0.0,TP2+Trail,USD_CAD,1.41368074,1.41368074,1.4456914015740696,1.4456914015740696,1.3944743430555582,1.3752679461111164,1.3496594168518607
2025-11-05,2025-12-04,bullish,0.0,TP2+Trail,USD_CAD,1.38617988,1.38617988,1.3699525670898887,1.3699525670898887,1.3959162677460668,1.4056526554921336,1.4186345058202228
2024-12-10,2025-01-09,bearish,3.5,TP5,AUD_USD,0.6591048399999999,0.6591048399999999,0.6718769264866018,0.6718769264866018,0.6514415881080388,0.6437783362160776,0.6335606670267961
2025-01-19,2025-02-04,bearish,0.5999999999999976,TP2+Trail,AUD_USD,0.63898566,0.63898566,0.6579016117186687,0.6579016117186687,0.6276360889687989,0.6162865179375976,0.6011537565626627
2025-02-05,2025-02-13,bearish,0.0,TP1+Trail,AUD_USD,0.63599672,0.63599672,0.6558827266568893,0.6558827266568893,0.6240651160058663,0.6121335120117327,0.5962247066862213
2025-02-16,2025-03-05,bearish,0.0,TP1+Trail,AUD_USD,0.6357,0.6357,0.6556912521125962,0.6556912521125962,0.6237052487324424,0.6117104974648847,0.5957174957748078
2025-03-06,2025-04-08,bearish,1.1999999999999986,TP3+Trail,AUD_USD,0.62860544,0.62860544,0.6438177560164159,0.6438177560164159,0.6194780503901504,0.6103506607803009,0.5981808079671681
2025-04-10,2025-04-28,bearish,-1.0,SL,AUD_USD,0.63252578,0.63252578,0.6446215147909442,0.6446215147909442,0.6252683391254336,0.6180108982508671,0.6083343104181117
2024-12-10,2025-02-02,bearish,3.5,TP5,NZD_USD,0.59460144,0.59460144,0.6065738909929713,0.6065738909929713,0.5874179694042173,0.5802344988084345,0.5706565380140575
2025-02-03,2025-02-19,bearish,-1.0,SL,NZD_USD,0.5652,0.5652,0.5752142569996685,0.5752142569996685,0.559191445800199,0.5531828916003978,0.545171486000663
2025-02-20,2025-02-23,bearish,-1.0,SL,NZD_USD,0.56444496,0.56444496,0.5753169965727736,0.5753169965727736,0.5579217380563358,0.5513985161126717,0.5427008868544528
2025-02-24,2025-03-16,bearish,-1.0,SL,NZD_USD,0.56444496,0.56444496,0.5793059001061159,0.5793059001061159,0.5555283959363304,0.5466118318726608,0.5347230797877681
2025-03-17,2025-04-02,bearish,-1.0,SL,NZD_USD,0.5701174999999999,0.5701174999999999,0.5849193196226248,0.5849193196226248,0.5612364082264251,0.5523553164528502,0.5405138607547503
2025-04-06,2025-04-09,bearish,1.2,TP3+Trail,NZD_USD,0.57615704,0.57615704,0.5885413372546878,0.5885413372546878,0.5687264616471873,0.5612958832943746,0.5513884454906244
2025-04-10,2025-06-22,bullish,0.6000000000000016,TP2+Trail,NZD_USD,0.57267954,0.57267954,0.544767073111955,0.544767073111955,0.589427020132827,0.6061745002656539,0.6285044737760899
2025-06-23,2025-07-06,bullish,0.6,TP2+Trail,NZD_USD,0.59387766,0.59387766,0.581449814683646,0.581449814683646,0.6013343671898124,0.6087910743796248,0.618733350632708
2025-07-07,2025-07-14,bullish,0.0,TP1+Trail,NZD_USD,0.59511916,0.59511916,0.5817899380337487,0.5817899380337487,0.6031166931797508,0.6111142263595015,0.6217776039325026
2025-07-15,2025-07-22,bearish,0.0,TP1+Trail,NZD_USD,0.60158084,0.60158084,0.6147734402457548,0.6147734402457548,0.5936652798525471,0.5857497197050943,0.5751956395084905
2025-07-23,2025-08-19,bullish,-1.0,SL,NZD_USD,0.5973748600000001,0.5973748600000001,0.5856381525628974,0.5856381525628974,0.6044168844622616,0.6114589089245233,0.6208482748742054
2025-08-20,2025-09-15,bearish,0.0,TP2+Trail,NZD_USD,0.5982054,0.5982054,0.6084080043547514,0.6084080043547514,0.5920838373871492,0.5859622747742983,0.5778001912904972
2025-09-16,2025-11-26,bearish,2.0,TP4+Trail,NZD_USD,0.59626,0.59626,0.6083485894224265,0.6083485894224265,0.5890068463465441,0.5817536926930882,0.572082821155147
2025-11-27,2025-12-09,bearish,-1.0,SL,NZD_USD,0.5717192600000001,0.5717192600000001,0.5823294289963502,0.5823294289963502,0.5653531586021899,0.5589870572043799,0.5504989220072998
2024-12-11,2025-01-08,bearish,0.0,TP2+Trail,EUR_GBP,0.83762604,0.83762604,0.8466081349726019,0.8466081349726019,0.8322367830164388,0.8268475260328776,0.8196618500547961
2025-01-12,2025-01-23,bullish,2.0,TP4+Trail,EUR_GBP,0.82768968,0.82768968,0.8201933992672737,0.8201933992672737,0.8321874484396358,0.8366852168792714,0.8426822414654525
2025-01-26,2025-02-05,bearish,0.0,TP1+Trail,EUR_GBP,0.83776798,0.83776798,0.8493693044040478,0.8493693044040478,0.8308071853575713,0.8238463907151425,0.8145653311919043
2025-02-06,2025-03-04,bearish,0.6000000000000022,TP2+Trail,EUR_GBP,0.8393189,0.8393189,0.8493163196560951,0.8493163196560951,0.8333204482063429,0.8273219964126858,0.8193240606878097
2025-03-05,2025-03-11,bullish,2.0,TP4+Trail,EUR_GBP,0.8285748,0.8285748,0.822338921409449,0.822338921409449,0.8323163271543306,0.8360578543086611,0.8410465571811019
2025-03-17,2025-03-27,bullish,0.0,TP1+Trail,EUR_GBP,0.83214268,0.83214268,0.8223413333600348,0.8223413333600348,0.8380234879839792,0.8439042959679584,0.8517453732799305
2025-03-30,2025-04-10,bullish,3.5,TP5,EUR_GBP,0.83214268,0.83214268,0.8223907599043474,0.8223907599043474,0.8379938320573916,0.8438449841147831,0.8516465201913053
2025-04-13,2025-05-28,bullish,0.0,TP4+Trail,EUR_GBP,0.8366788,0.8366788,0.8280595116961382,0.8280595116961382,0.841850372982317,0.847021945964634,0.8539173766077234
2025-05-29,2025-08-13,bullish,1.2000000000000033,TP3+Trail,EUR_GBP,0.8434,0.8434,0.829476665723321,0.829476665723321,0.8517540005660075,0.8601080011320149,0.8712466685533581
2025-08-14,2025-10-07,bullish,0.5999999999999981,TP2+Trail,EUR_GBP,0.8603318,0.8603318,0.8486963999013873,0.8486963999013873,0.8673130400591675,0.8742942801183351,0.8836026001972253
2025-10-12,2025-11-16,bullish,2.0,TP4+Trail,EUR_GBP,0.86638148,0.86638148,0.8593467948587917,0.8593467948587917,0.870602291084725,0.87482310216945,0.8804508502824167
2025-11-17,2025-12-03,bullish,0.0,TP2+Trail,EUR_GBP,0.8727621,0.8727621,0.86467134799595,0.86467134799595,0.87761655120243,0.88247100240486,0.8889436040080999
2025-12-04,2025-12-08,bullish,-1.0,SL,EUR_GBP,0.87916726,0.87916726,0.8723038379851341,0.8723038379851341,0.8832853132089196,0.8874033664178391,0.8928941040297318
2024-12-11,2024-12-18,bearish,0.0,TP1+Trail,EUR_JPY,162.677652,162.677652,167.50243207273274,167.50243207273274,159.78278395636033,156.8879159127207,153.0280918545345
2024-12-19,2025-01-12,bullish,0.0,TP1+Trail,EUR_JPY,160.196348,160.196348,155.30530709381625,155.30530709381625,163.13097254371024,166.06559708742049,169.9784298123675
2025-01-13,2025-02-02,bullish,0.0,TP1+Trail,EUR_JPY,159.51295000000002,159.51295000000002,155.40212552268017,155.40212552268017,161.97944468639193,164.44593937278384,167.73459895463972
2025-02-03,2025-02-11,bearish,0.5999999999999972,TP2+Trail,EUR_JPY,161.57205,161.57205,165.71758517062923,165.71758517062923,159.08472889762245,156.5974077952449,153.2809796587415
2025-02-12,2025-03-03,bearish,0.6000000000000013,TP2+Trail,EUR_JPY,161.380286,161.380286,165.82133037349917,165.82133037349917,158.71565937590051,156.05103275180102,152.4981972530017
2025-03-04,2025-03-19,bullish,0.6,TP2+Trail,EUR_JPY,158.522646,158.522646,153.8693162852667,153.8693162852667,161.31464382884,164.10664165767997,167.82930542946661
2025-03-23,2025-04-02,bullish,0.5999999999999988,TP2+Trail,EUR_JPY,158.38436199999998,158.38436199999998,153.94185415189884,153.94185415189884,161.04986670886066,163.71537141772134,167.26937769620227
2025-04-03,2025-04-07,bearish,0.0,TP1+Trail,EUR_JPY,161.14,161.14,165.13133066095355,165.13133066095355,158.74520160342786,156.3504032068557,153.15733867809286
2025-04-08,2025-05-22,bullish,0.6,TP2+Trail,EUR_JPY,158.38436199999998,158.38436199999998,153.74418405170738,153.74418405170738,161.16846876897554,163.9525755379511,167.6647178965852
2025-05-25,2025-07-06,bullish,3.5,TP5,EUR_JPY,162.658,162.658,160.3407785393746,160.3407785393746,164.0483328763752,165.43866575275044,167.29244292125074
2025-07-08,2025-10-08,bullish,3.5,TP5,EUR_JPY,164.381424,164.381424,160.50899536480918,160.50899536480918,166.7048811811145,169.028338362229,172.12628127038167
2025-10-09,2025-10-28,bullish,2.0,TP4+Trail,EUR_JPY,172.622406,172.622406,170.5829588969869,170.5829588969869,173.84607426180787,175.06974252361576,176.70130020602625
2025-10-29,2025-11-20,bullish,2.0,TP4+Trail,EUR_JPY,174.35483599999998,174.35483599999998,171.6021034332579,171.6021034332579,176.00647554004522,177.65811508009048,179.86030113348414
2024-12-10,2024-12-12,bearish,0.0,TP1+Trail,EUR_CHF,0.9351884,0.9351884,0.9464789341956646,0.9464789341956646,0.9284140794826012,0.9216397589652024,0.9126073316086708
2024-12-15,2025-01-23,bearish,-1.0,SL,EUR_CHF,0.9351884,0.9351884,0.9466115664824618,0.9466115664824618,0.928334500110523,0.9214806002210459,0.9123420670350765
2025-01-30,2025-02-12,bullish,0.0,TP1+Trail,EUR_CHF,0.94016396,0.94016396,0.9307217005984504,0.9307217005984504,0.9458293156409298,0.9514946712818596,0.9590484788030993
2025-02-13,2025-02-27,bullish,-1.0,SL,EUR_CHF,0.94208594,0.94208594,0.9334268617784133,0.9334268617784133,0.947281386932952,0.9524768338659041,0.9594040964431735
2025-03-02,2025-03-04,bearish,0.0,TP2+Trail,EUR_CHF,0.94578406,0.94578406,0.9543010898366607,0.9543010898366607,0.9406738420980036,0.9355636241960072,0.9287500003266786
2025-03-05,2025-03-24,bullish,1.2000000000000042,TP3+Trail,EUR_CHF,0.94034318,0.94034318,0.9298926569347145,0.9298926569347145,0.9466134938391713,0.9528838076783426,0.9612442261305709
2025-03-25,2025-04-13,bearish,1.2,TP3+Trail,EUR_CHF,0.95364928,0.95364928,0.9692397199251817,0.9692397199251817,0.9442950160448911,0.9349407520897821,0.9224684001496368
2025-04-15,2025-12-04,bearish,0.6000000000000021,TP2+Trail,EUR_CHF,0.94933268,0.94933268,0.9708305994835781,0.9708305994835781,0.9364339283098532,0.9235351766197064,0.906336841032844
2024-12-10,2025-02-19,bullish,0.5999999999999985,TP2+Trail,EUR_AUD,1.62087588,1.62087588,1.5906527213148243,1.5906527213148243,1.6390097752111055,1.657143670422211,1.6813221973703516
2025-02-20,2025-02-25,bearish,0.0,TP1+Trail,EUR_AUD,1.66394876,1.66394876,1.6839365645022575,1.6839365645022575,1.6519560772986455,1.6399633945972911,1.6239731509954851
2025-02-27,2025-03-09,bullish,3.5,TP5,EUR_AUD,1.65234498,1.65234498,1.6308749149094561,1.6308749149094561,1.6652270190543264,1.6781090581086529,1.695285110181088
2025-03-10,2025-03-11,bullish,3.500000000000005,TP5,EUR_AUD,1.65234498,1.65234498,1.6294048034486128,1.6294048034486128,1.6661090859308325,1.6798731918616647,1.6982253331027746
2025-03-19,2025-04-06,bullish,3.500000000000002,TP5,EUR_AUD,1.67632694,1.67632694,1.6295146970602736,1.6295146970602736,1.7044142857638358,1.7325016315276718,1.7699514258794529
2024-12-10,2025-01-09,bullish,0.0,TP1+Trail,EUR_CAD,1.4747640800000001,1.4747640800000001,1.4437034029173261,1.4437034029173261,1.4934004862496046,1.512036892499209,1.5368854341653482
2025-01-12,2025-01-20,bearish,0.0,TP2+Trail,EUR_CAD,1.4945676399999999,1.4945676399999999,1.5108759393694675,1.5108759393694675,1.4847826603783192,1.4749976807566387,1.4619510412610646
2025-01-26,2025-02-06,bullish,0.0,TP2+Trail,EUR_CAD,1.48282646,1.48282646,1.463761994260062,1.463761994260062,1.494265139443963,1.505703818887926,1.5209553914798764
2025-02-13,2025-02-24,bearish,0.0,TP1+Trail,EUR_CAD,1.49869166,1.49869166,1.5223003123407572,1.5223003123407572,1.4845264685955457,1.4703612771910912,1.4514743553184855
2025-02-25,2025-03-10,bullish,3.500000000000005,TP5,EUR_CAD,1.4871583400000001,1.4871583400000001,1.4641031795625026,1.4641031795625026,1.5009914362624988,1.5148245325249972,1.5332686608749952
2025-03-12,2025-04-10,bullish,3.5,TP5,EUR_CAD,1.4871583400000001,1.4871583400000001,1.4617023048933144,1.4617023048933144,1.5024319610640116,1.517705582128023,1.5380704102133715
2025-04-13,2025-04-22,bullish,0.5999999999999984,TP2+Trail,EUR_CAD,1.55314488,1.55314488,1.5239687698244402,1.5239687698244402,1.570650546105336,1.5881562122106718,1.6114971003511198
2025-04-23,2025-05-11,bullish,0.0,TP1+Trail,EUR_CAD,1.55709476,1.55709476,1.5251681719719425,1.5251681719719425,1.5762507128168346,1.595406665633669,1.620947936056115
2025-05-12,2025-05-22,bullish,0.0,TP1+Trail,EUR_CAD,1.5587,1.5587,1.5345251104765956,1.5345251104765956,1.5732049337140426,1.5877098674280852,1.6070497790468088
2025-05-25,2025-07-16,bullish,1.2000000000000042,TP3+Trail,EUR_CAD,1.5641,1.5641,1.5427482107144164,1.5427482107144164,1.5769110735713503,1.5897221471427005,1.6068035785711674
2025-07-17,2025-07-27,bullish,0.5999999999999964,TP2+Trail,EUR_CAD,1.5778628399999999,1.5778628399999999,1.5529756739703933,1.5529756739703933,1.5927951396177638,1.6077274392355279,1.627637172059213
2025-07-28,2025-10-05,bullish,2.0,TP4+Trail,EUR_CAD,1.5822815399999999,1.5822815399999999,1.5598379565176268,1.5598379565176268,1.5957476900894236,1.6092138401788476,1.627168706964746
2025-10-06,2025-10-21,bullish,0.5999999999999949,TP2+Trail,EUR_CAD,1.6146124800000001,1.6146124800000001,1.5973799461969682,1.5973799461969682,1.6249520002818192,1.6352915205636385,1.649077547606064
2025-10-22,2025-12-04,bullish,-1.0,SL,EUR_CAD,1.6283836,1.6283836,1.6130768911040336,1.6130768911040336,1.63756762533758,1.6467516506751598,1.6589970177919329
2024-12-10,2025-01-13,bullish,1.2000000000000033,TP3+Trail,EUR_NZD,1.79479836,1.79479836,1.7683984908720238,1.7683984908720238,1.8106382814767856,1.8264782029535713,1.8475980982559521
2025-01-14,2025-02-04,bullish,0.5999999999999974,TP2+Trail,EUR_NZD,1.8076401,1.8076401,1.772974093565665,1.772974093565665,1.8284397038606008,1.849239307721202,1.8769721128686698
2025-02-05,2025-02-13,bullish,0.0,TP1+Trail,EUR_NZD,1.83393756,1.83393756,1.8178223388318357,1.8178223388318357,1.8436066927008987,1.8532758254017974,1.8661680023363287
2025-02-16,2025-03-06,bullish,3.5000000000000067,TP5,EUR_NZD,1.83325776,1.83325776,1.816586325085676,1.816586325085676,1.8432606209485944,1.8532634818971887,1.866600629828648
2025-03-09,2025-03-10,bullish,3.5,TP5,EUR_NZD,1.8303778800000001,1.8303778800000001,1.810776607880854,1.810776607880854,1.8421386432714877,1.8538994065429755,1.8695804242382923
2025-03-16,2025-04-01,bullish,0.6,TP2+Trail,EUR_NZD,1.8553148400000001,1.8553148400000001,1.8103841823531601,1.8103841823531601,1.8822732345881041,1.9092316291762081,1.9451761552936802
2025-04-02,2025-09-22,bullish,3.5000000000000027,TP5,EUR_NZD,1.8553148400000001,1.8553148400000001,1.810016620708893,1.810016620708893,1.8824937715746644,1.9096727031493286,1.9459112785822144
2025-10-06,2025-11-26,bullish,1.1999999999999975,TP3+Trail,EUR_NZD,1.98254632,1.98254632,1.9471977178731583,1.9471977178731583,2.003755481276105,2.02496464255221,2.0532435242536833
2024-12-10,2025-01-09,bullish,0.0,TP1+Trail,GBP_JPY,192.566186,192.566186,187.0789168371623,187.0789168371623,195.8585474977026,199.15090899540522,203.54072432567537
2025-01-13,2025-02-11,bearish,0.6,TP2+Trail,GBP_JPY,194.806896,194.806896,199.9631437683774,199.9631437683774,191.71314733897356,188.61939867794712,184.4944004632452
2025-02-16,2025-03-02,bearish,0.600000000000001,TP2+Trail,GBP_JPY,194.411908,194.411908,199.94775216700995,199.94775216700995,191.09040149979404,187.76889499958807,183.34021966598013
2025-03-03,2025-04-02,bullish,0.0,TP1+Trail,GBP_JPY,191.684,191.684,186.00287309139077,186.00287309139077,195.09267614516554,198.50135229033108,203.04625381721846
2025-04-03,2025-04-30,bearish,0.0,TP2+Trail,GBP_JPY,192.8114,192.8114,197.05009451133645,197.05009451133645,190.26818329319812,187.72496658639625,184.33401097732707
2025-05-01,2025-05-21,bullish,0.6,TP2+Trail,GBP_JPY,188.736272,188.736272,183.42118410304764,183.42118410304764,191.92532473817144,195.11437747634287,199.36644779390477
2025-05-22,2025-07-31,bullish,1.2,TP3+Trail,GBP_JPY,188.97846,188.97846,183.57252921649447,183.57252921649447,192.22201847010334,195.46557694020666,199.7903215670111
2025-08-03,2025-08-13,bullish,0.5999999999999955,TP2+Trail,GBP_JPY,197.122694,197.122694,194.60374463599982,194.60374463599982,198.6340636184001,200.14543323680022,202.16059272800035
2025-08-17,2025-09-02,bullish,0.6000000000000042,TP2+Trail,GBP_JPY,197.037882,197.037882,194.3573637723616,194.3573637723616,198.64619293658305,200.25450387316607,202.3989184552768
2025-09-03,2025-09-29,bullish,0.6000000000000044,TP2+Trail,GBP_JPY,197.037882,197.037882,194.4377022884908,194.4377022884908,198.59798982690552,200.158097653811,202.23824142301837
2025-09-30,2025-10-09,bullish,2.0,TP4+Trail,GBP_JPY,199.16461999999999,199.16461999999999,197.34870895925408,197.34870895925408,200.25416662444752,201.34371324889506,202.7964420814918
2025-10-13,2025-11-03,bullish,0.0,TP1+Trail,GBP_JPY,200.484116,200.484116,196.77400316229082,196.77400316229082,202.7101837026255,204.936251405251,207.90434167541835
2024-12-22,2025-01-08,bullish,0.0,TP1+Trail,GBP_CHF,1.1217416,1.1217416,1.1071906375290061,1.1071906375290061,1.1304721774825963,1.1392027549651926,1.1508435249419877
2025-01-12,2025-01-22,bearish,0.599999999999997,TP2+Trail,GBP_CHF,1.12856132,1.12856132,1.143263467034508,1.143263467034508,1.1197400317792952,1.1109187435585903,1.0991570259309837
2025-01-27,2025-02-05,bullish,0.0,TP1+Trail,GBP_CHF,1.1205674,1.1205674,1.1051242410559607,1.1051242410559607,1.1298332953664236,1.1390991907328474,1.1514537178880788
2025-02-06,2025-02-24,bullish,0.599999999999994,TP2+Trail,GBP_CHF,1.1199562,1.1199562,1.1052517341109431,1.1052517341109431,1.1287788795334341,1.1376015590668684,1.149365131778114
2025-02-27,2025-04-03,bullish,0.0,TP2+Trail,GBP_CHF,1.12168284,1.12168284,1.10547078813645,1.10547078813645,1.13141007111813,1.14113730223626,1.1541069437271
2025-04-07,2025-04-08,bearish,3.499999999999991,TP5,GBP_CHF,1.14144514,1.14144514,1.1538309005859693,1.1538309005859693,1.1340136836484185,1.126582227296837,1.1166736188280617
2025-04-09,2025-04-10,bearish,3.5,TP5,GBP_CHF,1.14144514,1.14144514,1.1554392969338205,1.1554392969338205,1.1330486458397078,1.1246521516794155,1.1134568261323592
2025-04-13,2025-04-14,bearish,3.500000000000008,TP5,GBP_CHF,1.14144514,1.14144514,1.1556391897031413,1.1556391897031413,1.1329287101781154,1.1244122803562306,1.1130570405937177
2025-04-15,2025-05-11,bearish,0.0,TP1+Trail,GBP_CHF,1.1152132,1.1152132,1.1557178982644432,1.1557178982644432,1.0909103810413339,1.066607562082668,1.0342038034711134
2025-05-12,2025-08-13,bearish,0.6000000000000024,TP2+Trail,GBP_CHF,1.11683,1.11683,1.1538461341925903,1.1538461341925903,1.0946203194844457,1.0724106389688917,1.0427977316148194
2025-08-14,2025-11-18,bearish,2.0,TP4+Trail,GBP_CHF,1.08964556,1.08964556,1.107127731366032,1.107127731366032,1.0791562571803808,1.0686669543607614,1.0546812172679358
2024-12-10,2024-12-19,bullish,2.0,TP4+Trail,GBP_AUD,1.94797448,1.94797448,1.9158763019615561,1.9158763019615561,1.9672333868230665,1.986492293646133,2.012170836076888
2024-12-23,2025-01-01,bullish,0.6,TP2+Trail,GBP_AUD,1.9638618600000002,1.9638618600000002,1.9154284128988086,1.9154284128988086,1.9929219282607151,2.02198199652143,2.0607287542023833
2025-01-07,2025-01-14,bullish,0.0,TP1+Trail,GBP_AUD,1.9638618600000002,1.9638618600000002,1.9153067686182343,1.9153067686182343,1.9929949148290598,2.0221279696581194,2.060972042763532
2025-01-15,2025-01-26,bearish,0.0,TP1+Trail,GBP_AUD,1.98916814,1.98916814,2.037238235792696,2.037238235792696,1.9603260825243827,1.931484025048765,1.8930279484146084
2025-01-27,2025-04-03,bullish,3.500000000000002,TP5,GBP_AUD,1.9638618600000002,1.9638618600000002,1.9165570790775004,1.9165570790775004,1.9922447285535,2.020627597107,2.0584714218449998
2025-04-06,2025-04-07,bullish,3.5,TP5,GBP_AUD,2.04501792,2.04501792,2.020753622048811,2.020753622048811,2.059576498770713,2.0741350775414262,2.093546515902377
2025-04-08,2025-04-13,bullish,1.2,TP3+Trail,GBP_AUD,2.04501792,2.04501792,2.0178661332971894,2.0178661332971894,2.061308992021686,2.0776000640433723,2.0993214934056206
2025-04-14,2025-10-27,bullish,-1.0,SL,GBP_AUD,2.08552,2.08552,2.018607168448069,2.018607168448069,2.1256676989311583,2.1658153978623167,2.2193456631038613
2025-11-09,2025-11-17,bearish,0.5999999999999961,TP2+Trail,GBP_AUD,2.06170476,2.06170476,2.1077525061153892,2.1077525061153892,2.0340761123307667,2.006447464661533,1.9696092677692216
2024-12-15,2025-01-08,bullish,0.0,TP2+Trail,GBP_CAD,1.77363984,1.77363984,1.7428938971661099,1.7428938971661099,1.792087405700334,1.810534971400668,1.8351317256677802
2025-01-14,2025-01-29,bearish,0.0,TP3+Trail,GBP_CAD,1.8070086,1.8070086,1.829986659772645,1.829986659772645,1.793221764136413,1.7794349282728261,1.76105248045471
2025-01-30,2025-02-05,bullish,0.0,TP1+Trail,GBP_CAD,1.775425,1.775425,1.7394307775304194,1.7394307775304194,1.7970215334817483,1.8186180669634968,1.8474134449391613
2025-02-09,2025-03-23,bullish,2.0,TP4+Trail,GBP_CAD,1.775425,1.775425,1.739054846858535,1.739054846858535,1.797247091884879,1.8190691837697581,1.8481653062829302
2025-03-24,2025-04-06,bullish,0.6,TP2+Trail,GBP_CAD,1.7962745599999999,1.7962745599999999,1.7397168382176966,1.7397168382176966,1.8302091930693818,1.8641438261387637,1.9093900035646063
2025-04-07,2025-07-13,bullish,0.6000000000000009,TP2+Trail,GBP_CAD,1.8097964,1.8097964,1.7597522187063346,1.7597522187063346,1.8398229087761993,1.8698494175523985,1.9098847625873308
2025-07-14,2025-08-06,bearish,0.5999999999999982,TP2+Trail,GBP_CAD,1.86316646,1.86316646,1.8885164757091883,1.8885164757091883,1.847956450574487,1.832746441148974,1.8124664285816232
2025-08-07,2025-08-28,bullish,0.6000000000000022,TP2+Trail,GBP_CAD,1.83882898,1.83882898,1.8184954577178682,1.8184954577178682,1.851029093369279,1.863229206738558,1.8794960245642633
2025-08-31,2025-09-02,bullish,0.0,TP1+Trail,GBP_CAD,1.84281706,1.84281706,1.8191877463203692,1.8191877463203692,1.8569946482077786,1.871172236415557,1.8900756873592617
2025-09-03,2025-10-21,bullish,1.2000000000000037,TP3+Trail,GBP_CAD,1.84281706,1.84281706,1.8186365082601497,1.8186365082601497,1.8573253910439103,1.8718337220878205,1.8911781634797007
2025-10-22,2025-10-28,bullish,-1.0,SL,GBP_CAD,1.85998346,1.85998346,1.8357330539494838,1.8357330539494838,1.8745337036303098,1.8890839472606196,1.9084842721010324
2024-12-10,2024-12-17,bullish,3.4999999999999907,TP5,GBP_NZD,2.1521588400000002,2.1521588400000002,2.1288579567356103,2.1288579567356103,2.166139369958634,2.180119899917268,2.19876060652878
2024-12-18,2025-01-01,bullish,1.1999999999999975,TP3+Trail,GBP_NZD,2.16438284,2.16438284,2.1280148977284994,2.1280148977284994,2.1862036053629006,2.2080243707258007,2.2371187245430013
2025-01-02,2025-01-13,bullish,0.0,TP1+Trail,GBP_NZD,2.17690098,2.17690098,2.1283800713191807,2.1283800713191807,2.206013525208492,2.2351260704169835,2.273942797361639
2025-01-14,2025-04-06,bullish,2.0,TP4+Trail,GBP_NZD,2.1799,2.1799,2.1285337185431614,2.1285337185431614,2.210719768874103,2.2415395377482064,2.282632562913677
2025-04-08,2025-04-10,bullish,0.0,TP1+Trail,GBP_NZD,2.24917724,2.24917724,2.2131237744498042,2.2131237744498042,2.2708093193301173,2.2924413986602348,2.321284171100391
2025-04-13,2025-10-27,bullish,0.5999999999999968,TP2+Trail,GBP_NZD,2.2686707,2.2686707,2.213710385373987,2.213710385373987,2.3016468887756076,2.334623077551216,2.378591329252026
2025-10-28,2025-11-25,bullish,0.6,TP2+Trail,GBP_NZD,2.3011151,2.3011151,2.2621872329874186,2.2621872329874186,2.324471820207549,2.347828540415098,2.378970834025163
2024-12-10,2024-12-19,bearish,0.6000000000000009,TP2+Trail,AUD_JPY,99.77707600000001,99.77707600000001,103.01318911470783,103.01318911470783,97.83540813117531,95.89374026235062,93.30484977058437
2024-12-22,2025-04-03,bearish,3.500000000000002,TP5,AUD_JPY,99.77707600000001,99.77707600000001,103.01384406275335,103.01384406275335,97.835015162348,95.89295432469599,93.30353987449332
2025-04-06,2025-05-11,bearish,0.0,TP4+Trail,AUD_JPY,94.250268,94.250268,96.59952732029274,96.59952732029274,92.84071240782437,91.43115681564873,89.55174935941454
2025-05-12,2025-05-13,bearish,-1.0,SL,AUD_JPY,90.695978,90.695978,95.43445740105835,95.43445740105835,87.85289035936498,85.00980271872997,81.21901919788328
2025-05-14,2025-07-08,bearish,-1.0,SL,AUD_JPY,90.695978,90.695978,96.16257602438195,96.16257602438195,87.41601918537083,84.13606037074166,79.7627819512361
2025-07-13,2025-09-11,bullish,3.500000000000005,TP5,AUD_JPY,93.09715,93.09715,91.5988133958915,91.5988133958915,93.9961519624651,94.8951539249302,96.093823208217
2025-09-15,2025-10-07,bullish,3.500000000000005,TP5,AUD_JPY,95.506452,95.506452,94.09738020872312,94.09738020872312,96.35189507476612,97.19733814953224,98.32459558255374
2025-10-08,2025-10-16,bullish,0.0,TP4+Trail,AUD_JPY,97.11893,97.11893,95.94495983328675,95.94495983328675,97.82331210002796,98.52769420005592,99.46687033342653
2025-10-19,2025-11-03,bullish,0.6000000000000024,TP2+Trail,AUD_JPY,98.191,98.191,95.85115590578461,95.85115590578461,99.59490645652924,100.99881291305847,102.87068818843079
2024-12-10,2025-01-05,bearish,0.6,TP2+Trail,AUD_CHF,0.57428188,0.57428188,0.5857927997056218,0.5857927997056218,0.567375328176627,0.5604687763532539,0.5512600405887564
2025-01-06,2025-02-03,bearish,0.5999999999999964,TP2+Trail,AUD_CHF,0.5730529600000001,0.5730529600000001,0.5854408127291826,0.5854408127291826,0.5656202483624906,0.558187536724981,0.548277254541635
2025-02-04,2025-02-10,bearish,-1.0,SL,AUD_CHF,0.5667,0.5667,0.5748129369219567,0.5748129369219567,0.561832237846826,0.5569644756936519,0.5504741261560866
2025-02-11,2025-02-25,bullish,0.0,TP2+Trail,AUD_CHF,0.56346562,0.56346562,0.5556176885959643,0.5556176885959643,0.5681743788424214,0.5728831376848429,0.5791614828080714
2025-03-03,2025-03-12,bearish,1.1999999999999953,TP3+Trail,AUD_CHF,0.56920918,0.56920918,0.5786215495864081,0.5786215495864081,0.5635617582481551,0.5579143364963103,0.5503844408271837
2025-03-13,2025-04-01,bearish,0.6,TP2+Trail,AUD_CHF,0.56603476,0.56603476,0.5789837822594125,0.5789837822594125,0.5582653466443525,0.5504959332887049,0.5401367154811749
2025-04-02,2025-04-03,bearish,3.499999999999994,TP5,AUD_CHF,0.55979296,0.55979296,0.568858109092183,0.568858109092183,0.5543538705446902,0.5489147810893804,0.5416626618156339
2025-04-06,2025-04-07,bearish,3.5,TP5,AUD_CHF,0.55791424,0.55791424,0.5672600532478517,0.5672600532478517,0.552306752051289,0.546699264102578,0.5392226135042967
2025-04-08,2025-04-09,bearish,3.5,TP5,AUD_CHF,0.55791424,0.55791424,0.5683132857086067,0.5683132857086067,0.551674812574836,0.5454353851496719,0.5371161485827866
2025-04-10,2025-04-13,bearish,3.5000000000000053,TP5,AUD_CHF,0.55791424,0.55791424,0.5686750779834415,0.5686750779834415,0.5514577372099351,0.5450012344198701,0.536392564033117
2025-04-14,2025-05-06,bearish,0.0,TP1+Trail,AUD_CHF,0.53669718,0.53669718,0.5647498376489879,0.5647498376489879,0.5198655854106072,0.5030339908212145,0.4805918647020242
2025-05-07,2025-05-11,bearish,-1.0,SL,AUD_CHF,0.52109268,0.52109268,0.54140156931987,0.54140156931987,0.5089073464080779,0.4967220128161559,0.48047490136025983
2024-12-11,2025-01-02,bearish,1.2000000000000024,TP3+Trail,AUD_CAD,0.91024374,0.91024374,0.9198503529244486,0.9198503529244486,0.9044797722453308,0.8987158044906616,0.8910305141511027
2025-01-05,2025-01-13,bearish,2.0,TP4+Trail,AUD_CAD,0.90775742,0.90775742,0.9164169861115304,0.9164169861115304,0.9025616803330818,0.8973659406661636,0.8904382877769392
2025-01-14,2025-01-20,bearish,0.0,TP1+Trail,AUD_CAD,0.89923366,0.89923366,0.9107884365083636,0.9107884365083636,0.8923007940949819,0.8853679281899638,0.8761241069832729
2025-02-02,2025-03-04,bearish,-1.0,SL,AUD_CAD,0.89842,0.89842,0.90986137807505,0.90986137807505,0.89155517315497,0.88469034630994,0.8755372438499001
2025-03-05,2025-03-10,bullish,0.6,TP2+Trail,AUD_CAD,0.8994284,0.8994284,0.8902754442058362,0.8902754442058362,0.9049201734764983,0.9104119469529967,0.9177343115883277
2025-03-11,2025-03-19,bullish,0.6,TP2+Trail,AUD_CAD,0.8994284,0.8994284,0.8901826109423908,0.8901826109423908,0.9049758734345655,0.9105233468691311,0.9179199781152184
2025-03-20,2025-04-03,bearish,3.5000000000000053,TP5,AUD_CAD,0.9054764,0.9054764,0.9160958342003981,0.9160958342003981,0.8991047394797611,0.8927330789595223,0.8842375315992037
2025-04-06,2025-04-07,bearish,3.5,TP5,AUD_CAD,0.9062213,0.9062213,0.917837789516431,0.917837789516431,0.8992514062901414,0.8922815125802828,0.882988320967138
2025-04-08,2025-04-09,bearish,3.4999999999999956,TP5,AUD_CAD,0.9062213,0.9062213,0.9185551603483513,0.9185551603483513,0.8988209837909893,0.8914206675819785,0.8815535793032975
2025-04-10,2025-09-04,bearish,0.0,TP4+Trail,AUD_CAD,0.9062213,0.9062213,0.9186225872391396,0.9186225872391396,0.8987805276565163,0.8913397553130326,0.8814187255217208
2025-09-11,2025-09-14,bullish,3.4999999999999933,TP5,AUD_CAD,0.89374776,0.89374776,0.8856409952232174,0.8856409952232174,0.8986118188660696,0.9034758777321391,0.9099612895535653
2025-09-16,2025-10-09,bullish,0.6,TP2+Trail,AUD_CAD,0.9013533800000001,0.9013533800000001,0.8857342133766066,0.8857342133766066,0.9107248799740362,0.9200963799480723,0.932591713246787
2025-10-12,2025-10-16,bullish,0.0,TP1+Trail,AUD_CAD,0.9063859799999999,0.9063859799999999,0.8924835072093441,0.8924835072093441,0.9147274636743934,0.9230689473487869,0.9341909255813116
2025-10-19,2025-11-03,bullish,0.0,TP1+Trail,AUD_CAD,0.91438,0.91438,0.9033240652002867,0.9033240652002867,0.9210135608798279,0.9276471217596558,0.9364918695994264
2025-11-05,2025-11-16,bullish,0.0,TP1+Trail,AUD_CAD,0.9129738599999999,0.9129738599999999,0.9033010378554355,0.9033010378554355,0.9187775532867386,0.9245812465734773,0.9323195042891288
2025-11-17,2025-12-07,bullish,0.5999999999999948,TP2+Trail,AUD_CAD,0.9119501,0.9119501,0.9034567479784676,0.9034567479784676,0.9170461112129193,0.9221421224258388,0.9289368040430647
2024-12-10,2025-01-27,bullish,0.0,TP1+Trail,AUD_NZD,1.10336396,1.10336396,1.091906463861431,1.091906463861431,1.1102384576831414,1.1171129553662829,1.126278952277138
2025-02-02,2025-02-04,bullish,0.0,TP1+Trail,AUD_NZD,1.10435484,1.10435484,1.0988377790023471,1.0988377790023471,1.1076650765985918,1.1109753131971836,1.115388961995306
2025-02-16,2025-03-03,bullish,0.0,TP2+Trail,AUD_NZD,1.10590194,1.10590194,1.0988132869668588,1.0988132869668588,1.1101551318198848,1.1144083236397697,1.1200792460662827
2025-03-04,2025-03-16,bullish,-1.0,SL,AUD_NZD,1.10635,1.10635,1.0988117735900538,1.0988117735900538,1.1108729358459677,1.1153958716919354,1.1214264528198923
2025-03-19,2025-04-03,bearish,3.5000000000000133,TP5,AUD_NZD,1.11107476,1.11107476,1.1193893725278543,1.1193893725278543,1.1060859924832873,1.1010972249665747,1.0944455349442912
2025-04-10,2025-05-08,bearish,0.6,TP2+Trail,AUD_NZD,1.09963768,1.09963768,1.1213471323393447,1.1213471323393447,1.0866120085963933,1.0735863371927865,1.0562187753213108
2025-05-11,2025-07-07,bearish,0.0,TP1+Trail,AUD_NZD,1.08838,1.08838,1.1060573679849297,1.1060573679849297,1.077773579209042,1.0671671584180842,1.0530252640301403
2025-07-08,2025-09-02,bullish,3.5000000000000115,TP5,AUD_NZD,1.08015372,1.08015372,1.0706219442529985,1.0706219442529985,1.0858727854482009,1.0915918508964018,1.099217271494003
2025-09-03,2025-09-23,bullish,3.499999999999988,TP5,AUD_NZD,1.100349,1.100349,1.0910027081424116,1.0910027081424116,1.1059567751145531,1.111564550229106,1.1190415837151768
2025-09-24,2025-09-29,bullish,3.5,TP5,AUD_NZD,1.10223996,1.10223996,1.0918170454168008,1.0918170454168008,1.1084937087499194,1.1147474574998388,1.1230857891663981
2025-09-30,2025-10-07,bullish,3.5,TP5,AUD_NZD,1.10223996,1.10223996,1.0916849596300824,1.0916849596300824,1.1085729602219505,1.114905960443901,1.123349960739835
2025-10-08,2025-11-13,bullish,2.0,TP4+Trail,AUD_NZD,1.12040012,1.12040012,1.104763325822749,1.104763325822749,1.1297821965063506,1.1391642730127012,1.1516737083545021
2025-11-16,2025-11-25,bullish,1.1999999999999953,TP3+Trail,AUD_NZD,1.1341867,1.1341867,1.1249144454235198,1.1249144454235198,1.1397500527458884,1.1453134054917764,1.1527312091529607
2024-12-10,2025-02-02,bearish,3.499999999999995,TP5,NZD_JPY,91.552346,91.552346,92.9616986984402,92.9616986984402,90.70673438093588,89.86112276187175,88.7336406031196
2025-02-03,2025-03-04,bearish,2.0,TP4+Trail,NZD_JPY,88.552652,88.552652,90.19617426032403,90.19617426032403,87.56653864380557,86.58042528761115,85.26560747935193
2025-03-10,2025-03-17,bearish,0.0,TP1+Trail,NZD_JPY,86.93733999999999,86.93733999999999,89.79942652286302,89.79942652286302,85.22008808628217,83.50283617256436,81.21316695427394
2025-03-18,2025-04-16,bearish,0.6,TP3+Trail,NZD_JPY,86.93733999999999,86.93733999999999,89.80459337572647,89.80459337572647,85.2169879745641,83.49663594912822,81.20283324854704
2025-04-17,2025-07-07,bearish,-1.0,SL,NZD_JPY,84.42,84.42,88.08474892946451,88.08474892946451,82.22115064232129,80.0223012846426,77.09050214107098
2025-07-08,2025-08-19,bullish,0.0,TP2+Trail,NZD_JPY,85.903452,85.903452,84.25174823995944,84.25174823995944,86.89447425602434,87.88549651204868,89.20685952008112
2025-08-21,2025-10-05,bearish,1.2000000000000044,TP3+Trail,NZD_JPY,88.149964,88.149964,89.42383319952106,89.42383319952106,87.38564248028736,86.62132096057472,85.60222560095788
2025-10-09,2025-11-03,bullish,0.0,TP1+Trail,NZD_JPY,86.787434,86.787434,85.02237868791218,85.02237868791218,87.8464671872527,88.9055003745054,90.31754462417565
2025-11-09,2025-11-20,bullish,0.6000000000000033,TP2+Trail,NZD_JPY,86.678978,86.678978,84.94726520071978,84.94726520071978,87.71800567956814,88.75703335913626,90.14240359856043
2024-12-15,2024-12-29,bearish,1.1999999999999973,TP3+Trail,NZD_CHF,0.52007858,0.52007858,0.5284908536184117,0.5284908536184117,0.5150312158289528,0.5099838516579058,0.5032540327631764
2024-12-30,2025-01-23,bearish,0.0,TP1+Trail,NZD_CHF,0.5157363,0.5157363,0.5254744397271867,0.5254744397271867,0.5098934161636881,0.5040505323273761,0.4962600205456268
2025-01-26,2025-02-03,bearish,0.0,TP1+Trail,NZD_CHF,0.51223224,0.51223224,0.5197218457032727,0.5197218457032727,0.5077384765780364,0.5032447131560728,0.49725302859345455
2025-02-04,2025-03-04,bearish,0.5999999999999969,TP2+Trail,NZD_CHF,0.51262,0.51262,0.5196940900845891,0.5196940900845891,0.5083755459492465,0.504131091898493,0.49847181983082167
2025-03-06,2025-03-11,bearish,0.6000000000000023,TP2+Trail,NZD_CHF,0.51119864,0.51119864,0.5209195577377165,0.5209195577377165,0.5053660893573702,0.4995335387147403,0.49175680452456716
2025-03-12,2025-03-16,bearish,0.0,TP1+Trail,NZD_CHF,0.51119864,0.51119864,0.520909713883458,0.520909713883458,0.5053719956699253,0.4995453513398505,0.4917764922330842
2025-03-17,2025-04-06,bearish,3.5,TP5,NZD_CHF,0.51052,0.51052,0.5210006674205383,0.5210006674205383,0.5042315995476769,0.497943199095354,0.4895586651589233
2025-04-07,2025-04-08,bearish,3.5,TP5,NZD_CHF,0.50804012,0.50804012,0.5175138076241617,0.5175138076241617,0.502355907425503,0.496671694851006,0.48909274475167663
2025-04-09,2025-04-10,bearish,3.5,TP5,NZD_CHF,0.50804012,0.50804012,0.5183250177983844,0.5183250177983844,0.5018691813209694,0.49569824264193874,0.48747032440323124
2025-04-14,2025-12-07,bearish,1.2000000000000004,TP3+Trail,NZD_CHF,0.49191169999999995,0.49191169999999995,0.5136998375011116,0.5136998375011116,0.478838817499333,0.465765934998666,0.4483354249977767
2024-12-10,2025-01-20,bearish,1.2,TP3+Trail,NZD_CAD,0.82984508,0.82984508,0.8429541610442469,0.8429541610442469,0.8219796313734519,0.8141141827469037,0.8036269179115062
2025-01-21,2025-02-19,bearish,0.0,TP1+Trail,NZD_CAD,0.81444,0.81444,0.8274908097874377,0.8274908097874377,0.8066095141275375,0.7987790282550749,0.7883383804251247
2025-02-20,2025-03-02,bearish,0.0,TP1+Trail,NZD_CAD,0.81476572,0.81476572,0.8269383767135419,0.8269383767135419,0.8074621259718749,0.8001585319437499,0.7904204065729163
2025-03-04,2025-03-19,bullish,1.199999999999996,TP3+Trail,NZD_CAD,0.81103222,0.81103222,0.8000282210685522,0.8000282210685522,0.8176346193588686,0.8242370187177372,0.8330402178628955
2025-03-23,2025-04-09,bearish,1.2,TP3+Trail,NZD_CAD,0.81994,0.81994,0.837049964346339,0.837049964346339,0.8096740213921966,0.7994080427843931,0.7857200713073219
2025-04-13,2025-04-29,bullish,0.6,TP2+Trail,NZD_CAD,0.80259412,0.80259412,0.7781394205476374,0.7781394205476374,0.8172669396714175,0.831939759342835,0.8515035189047251
2025-04-30,2025-11-25,bearish,0.5999999999999981,TP2+Trail,NZD_CAD,0.8147858800000001,0.8147858800000001,0.8385180316530614,0.8385180316530614,0.8005465890081633,0.7863072980163265,0.7673215766938775
2024-12-10,2024-12-18,bearish,0.0,TP1+Trail,CAD_JPY,109.349074,109.349074,112.16865617626539,112.16865617626539,107.65732469424077,105.96557538848154,103.70990964746923
2024-12-19,2025-01-15,bullish,0.0,TP1+Trail,CAD_JPY,107.973892,107.973892,105.13664685744111,105.13664685744111,109.67623908553534,111.37858617107068,113.6483822851178
2025-01-16,2025-01-30,bearish,0.5999999999999988,TP2+Trail,CAD_JPY,108.66678,108.66678,110.97050754319613,110.97050754319613,107.28454347408233,105.90230694816465,104.05932491360774
2025-02-02,2025-02-11,bearish,0.5999999999999986,TP2+Trail,CAD_JPY,109.064824,109.064824,111.08523197285785,111.08523197285785,107.85257921628529,106.64033443257058,105.0240080542843
2025-02-12,2025-03-11,bearish,2.0,TP4+Trail,CAD_JPY,108.34437199999999,108.34437199999999,111.07788624275011,111.07788624275011,106.70426345434993,105.06415490869985,102.87734351449976
2025-03-13,2025-03-25,bearish,0.0,TP1+Trail,CAD_JPY,105.66692,105.66692,108.98716390446846,108.98716390446846,103.67477365731894,101.68262731463786,99.0264321910631
2025-03-26,2025-04-24,bearish,0.5999999999999983,TP2+Trail,CAD_JPY,105.601,105.601,108.9097171698566,108.9097171698566,103.61576969808604,101.63053939617207,98.98356566028679
2025-04-27,2025-04-30,bearish,0.0,TP1+Trail,CAD_JPY,104.106508,104.106508,106.50870020472254,106.50870020472254,102.66519267716649,101.22387735433296,99.30212359055493
2025-05-01,2025-06-15,bearish,-1.0,SL,CAD_JPY,104.106508,104.106508,106.49057154693567,106.49057154693567,102.6760698718386,101.24563174367721,99.33838090612868
2025-06-16,2025-07-15,bullish,2.0,TP4+Trail,CAD_JPY,104.249792,104.249792,102.52554082641858,102.52554082641858,105.28434270414886,106.31889340829771,107.69829434716284
2025-07-16,2025-07-31,bullish,1.2,TP3+Trail,CAD_JPY,105.772718,105.772718,104.35124192855022,104.35124192855022,106.62560364286986,107.47848928573973,108.61567014289955
2025-08-03,2025-09-01,bearish,0.0,TP1+Trail,CAD_JPY,107.257874,107.257874,109.32993114774821,109.32993114774821,106.01463971135108,104.77140542270214,103.11375970450358
2025-09-02,2025-09-30,bullish,-1.0,SL,CAD_JPY,107.095348,107.095348,105.59174013219554,105.59174013219554,107.99751272068268,108.89967744136536,110.10256373560892
2025-10-01,2025-10-05,bearish,0.0,TP2+Trail,CAD_JPY,107.250372,107.250372,108.38656730145775,108.38656730145775,106.56865481912536,105.8869376382507,104.9779813970845
2025-10-06,2025-10-16,bullish,0.0,TP3+Trail,CAD_JPY,106.281734,106.281734,104.78793299515208,104.78793299515208,107.17801460290876,108.0742952058175,109.26933600969585
2025-10-19,2025-11-05,bullish,0.5999999999999986,TP2+Trail,CAD_JPY,106.938392,106.938392,104.76111256472056,104.76111256472056,108.24475966116765,109.5511273223353,111.29295087055885
2024-12-10,2025-01-01,bearish,0.0,TP1+Trail,CAD_CHF,0.63265216,0.63265216,0.6428374848403772,0.6428374848403772,0.6265409650957737,0.6204297701915474,0.6122815103192457
2025-01-02,2025-01-21,bearish,0.0,TP1+Trail,CAD_CHF,0.63233892,0.63233892,0.6428994472708298,0.6428994472708298,0.6260026036375022,0.6196662872750043,0.6112178654583404
2025-01-26,2025-01-30,bearish,0.0,TP1+Trail,CAD_CHF,0.6309916799999999,0.6309916799999999,0.640692656085849,0.640692656085849,0.6251710943484905,0.619350508696981,0.6115897278283018
2025-02-04,2025-03-16,bearish,1.2,TP3+Trail,CAD_CHF,0.63004,0.63004,0.6410081947109741,0.6410081947109741,0.6234590831734156,0.6168781663468311,0.6081036105780518
2025-03-19,2025-04-08,bearish,1.2000000000000015,TP3+Trail,CAD_CHF,0.62670066,0.62670066,0.6424990253803561,0.6424990253803561,0.6172216407717864,0.6077426215435727,0.5951039292392879
2025-04-09,2025-10-15,bearish,3.5,TP5,CAD_CHF,0.62670066,0.62670066,0.6443553442838164,0.6443553442838164,0.6161078494297102,0.6055150388594204,0.5913912914323673
2025-10-16,2025-12-04,bearish,0.0,TP3+Trail,CAD_CHF,0.57913034,0.57913034,0.5866848451569125,0.5866848451569125,0.5745976369058524,0.5700649338117049,0.5640213296861748
2024-12-10,2025-01-12,bullish,0.0,TP1+Trail,CHF_JPY,171.586016,171.586016,167.2695871987382,167.2695871987382,174.1758732807571,176.76573056151415,180.2188736025236
2025-01-13,2025-02-11,bearish,1.2000000000000017,TP3+Trail,CHF_JPY,173.171,173.171,176.5578372298232,176.5578372298232,171.13889766210607,169.10679532421213,166.39732554035356
2025-02-13,2025-03-16,bearish,0.5999999999999988,TP2+Trail,CHF_JPY,172.041606,172.041606,176.5832508444488,176.5832508444488,169.31661909333073,166.59163218666146,162.9583163111024
2025-03-17,2025-03-19,bullish,0.0,TP1+Trail,CHF_JPY,168.559684,168.559684,165.1434366637379,165.1434366637379,170.60943240175726,172.65918080351452,175.3921786725242
2025-03-20,2025-04-02,bullish,0.0,TP1+Trail,CHF_JPY,168.559684,168.559684,165.1523162719505,165.1523162719505,170.6041046368297,172.6485252736594,175.37441945609902
2025-04-03,2025-06-15,bullish,3.5,TP5,CHF_JPY,167.996616,167.996616,165.1154266779558,165.1154266779558,169.7253295932265,171.454043186453,173.75899464408835
2025-06-16,2025-06-22,bullish,3.5,TP5,CHF_JPY,174.142982,174.142982,172.35864011353462,172.35864011353462,175.21358713187922,176.28419226375843,177.71166577293073
2025-06-24,2025-06-25,bullish,3.499999999999992,TP5,CHF_JPY,174.28079599999998,174.28079599999998,172.5050843062932,172.5050843062932,175.34622301622403,176.4116500324481,177.83221938741352
2025-06-26,2025-06-29,bullish,3.500000000000008,TP5,CHF_JPY,174.28079599999998,174.28079599999998,172.5045420804263,172.5045420804263,175.3465483517442,176.4123007034884,177.83330383914736
2025-07-01,2025-07-02,bullish,3.500000000000008,TP5,CHF_JPY,174.28079599999998,174.28079599999998,172.52168766424802,172.52168766424802,175.33626100145116,176.39172600290235,177.7990126715039
2025-07-08,2025-07-09,bullish,3.499999999999992,TP5,CHF_JPY,174.28079599999998,174.28079599999998,172.53233615350308,172.53233615350308,175.3298719078981,176.37894781579627,177.77771569299378
2025-07-16,2025-07-17,bullish,3.499999999999992,TP5,CHF_JPY,174.28079599999998,174.28079599999998,172.53046664990433,172.53046664990433,175.33099361005736,176.38119122011477,177.7814547001913
2024-12-09,2024-12-16,bullish,0.0,TP1+Trail,XAU_USD,2633.62133,2633.62133,2518.0344402187193,2518.0344402187193,2702.9734638687682,2772.3255977375366,2864.7951095625613
2024-12-17,2025-02-10,bullish,3.5,TP5,XAU_USD,2609.2210800000003,2609.2210800000003,2517.0540599752994,2517.0540599752994,2664.5212920148206,2719.8215040296413,2793.555120049402
2025-02-13,2025-04-03,bullish,2.0,TP4+Trail,XAU_USD,2721.0014300000003,2721.0014300000003,2564.4071563559332,2564.4071563559332,2814.9579941864404,2908.9145583728805,3034.1899772881343
2025-04-07,2025-04-22,bullish,2.0,TP4+Trail,XAU_USD,2897.59905,2897.59905,2704.4175394185063,2704.4175394185063,3013.5079563488957,3129.416862697792,3283.962071162987
2025-04-23,2025-05-07,bullish,2.0,TP4+Trail,XAU_USD,2960.73393,2960.73393,2795.1310885044063,2795.1310885044063,3060.095634897356,3159.457339794712,3291.939612991187
2025-05-08,2025-05-14,bullish,0.0,TP1+Trail,XAU_USD,3164.23357,3164.23357,2916.4225926538516,2916.4225926538516,3312.920156407689,3461.606742815378,3659.8555246922965
2025-05-15,2025-10-07,bullish,3.5,TP5,XAU_USD,3164.23357,3164.23357,2914.082251980623,2914.082251980623,3314.324360811626,3464.4151516232523,3664.536206038754
2025-10-16,2025-10-19,bullish,3.500000000000001,TP5,XAU_USD,3467.95757,3467.95757,3227.366838826134,3227.366838826134,3612.31200870432,3756.666447408639,3949.139032347732
2024-12-09,2024-12-18,bullish,-1.0,SL,XAG_USD,31.516519,31.516519,29.238846986307635,29.238846986307635,32.88312220821542,34.249725416430834,36.07186302738472
2024-12-19,2025-01-29,bearish,0.0,TP2+Trail,XAG_USD,31.305419999999998,31.305419999999998,32.74759281328733,32.74759281328733,30.440116312027598,29.574812624055195,28.421074373425327
2025-02-02,2025-02-16,bullish,2.0,TP4+Trail,XAG_USD,29.637045,29.637045,28.42591567599386,28.42591567599386,30.363722594403686,31.09040018880737,32.05930364801228
2025-02-17,2025-04-02,bullish,1.199999999999999,TP3+Trail,XAG_USD,30.706654,30.706654,29.12476340697971,29.12476340697971,31.655788355812174,32.60492271162435,33.87043518604058
2025-04-06,2025-09-30,bullish,3.4999999999999996,TP5,XAG_USD,32.2561933,32.2561933,27.886031312710326,27.886031312710326,34.87829049237381,37.50038768474761,40.99651727457935
2025-10-13,2025-10-14,bullish,3.499999999999998,TP5,XAG_USD,37.7656803,37.7656803,36.1817365939176,36.1817365939176,38.71604652364944,39.66641274729888,40.9335677121648
2024-12-10,2025-02-27,bullish,0.0,TP2+Trail,BTC_USD,81028.46960000001,81028.46960000001,64331.06100605746,64331.06100605746,91046.91475636554,101065.35991273107,114423.28678788511
2025-03-03,2025-04-21,bearish,1.2,TP4+Trail,BTC_USD,100589.7852,100589.7852,109097.38549172845,109097.38549172845,95485.22502496293,90380.66484992586,83574.5846165431
2025-04-22,2025-05-18,bullish,3.499999999999999,TP5,BTC_USD,79894.18280000001,79894.18280000001,72405.1127863027,72405.1127863027,84387.62480821839,88881.06681643677,94872.32282739462
2025-05-19,2025-07-31,bullish,2.0,TP4+Trail,BTC_USD,86410.186,86410.186,72718.35423977286,72718.35423977286,94625.28505613629,102840.38411227257,113793.84952045429
2025-08-03,2025-08-17,bullish,0.5999999999999998,TP2+Trail,BTC_USD,108283.8842,108283.8842,97439.1012358173,97439.1012358173,114790.75397850962,121297.62375701923,129973.4501283654
2025-08-18,2025-10-09,bullish,0.5999999999999994,TP2+Trail,BTC_USD,113513.1,113513.1,103375.01409067653,103375.01409067653,119595.95154559409,125678.80309118818,133789.27181864696
2025-10-13,2025-10-20,bearish,0.5999999999999994,TP2+Trail,BTC_USD,119033.411,119033.411,128285.31862529278,128285.31862529278,113482.26642482432,107931.12184964864,100529.59574941441
2025-10-21,2025-11-03,bullish,-1.0,SL,BTC_USD,112218.63380000001,112218.63380000001,101349.59637180422,101349.59637180422,118740.05625691748,125261.47871383496,133956.7086563916
2025-11-12,2025-11-25,bearish,2.0,TP4+Trail,BTC_USD,115837.217,115837.217,128707.75335777033,128707.75335777033,108114.89518533781,100392.57337067561,90096.14428445935
2024-12-10,2025-01-12,bullish,0.0,TP2+Trail,ETH_USD,3021.13752,3021.13752,2235.472730039441,2235.472730039441,3492.5363939763356,3963.935267952671,4592.4670999211185
2025-01-13,2025-02-02,bullish,-1.0,SL,ETH_USD,3481.9526800000003,3481.9526800000003,2982.289715977077,2982.289715977077,3781.7504584137546,4081.5482368275084,4481.278608045847
2025-02-03,2025-03-02,bearish,2.0,TP4+Trail,ETH_USD,3426.8247,3426.8247,3889.3515284880255,3889.3515284880255,3149.308602907185,2871.7925058143696,2501.7710430239495
2025-03-03,2025-05-07,bearish,1.1999999999999997,TP3+Trail,ETH_USD,2923.9730200000004,2923.9730200000004,3556.8192390636686,3556.8192390636686,2544.2652885617995,2164.5575571235986,1658.2805818726638
2025-05-08,2025-05-11,bullish,3.5000000000000013,TP5,ETH_USD,1667.2360600000002,1667.2360600000002,1468.7812098963082,1468.7812098963082,1786.3089700622154,1905.3818801244306,2064.1457602073842
2025-05-14,2025-05-15,bullish,3.5000000000000004,TP5,ETH_USD,1667.2360600000002,1667.2360600000002,1456.8576660987208,1456.8576660987208,1793.4630963407678,1919.6901326815355,2087.992847802559
2025-05-21,2025-07-20,bullish,3.5000000000000004,TP5,ETH_USD,2117.09356,2117.09356,1649.1149147189271,1649.1149147189271,2397.880747168643,2678.667934337287,3053.050850562145
2025-07-23,2025-08-17,bullish,2.0,TP4+Trail,ETH_USD,2818.25154,2818.25154,2078.0090505010817,2078.0090505010817,3262.397033699351,3706.5425273987025,4298.736518997837
2025-08-18,2025-09-24,bullish,0.6000000000000001,TP2+Trail,ETH_USD,3298.50868,3298.50868,2253.2939868293247,2253.2939868293247,3925.637495902405,4552.76631180481,5388.93806634135
2025-09-25,2025-10-09,bullish,0.0,TP1+Trail,ETH_USD,4014.2,4014.2,3373.9257659184486,3373.9257659184486,4398.364540448931,4782.529080897862,5294.748468163102
2025-10-12,2025-10-16,bullish,-1.0,SL,ETH_USD,4281.36,4281.36,3697.1540002116703,3697.1540002116703,4631.883599872997,4982.407199745995,5449.771999576658
2025-10-19,2025-11-02,bullish,-1.0,SL,ETH_USD,4221.85746,4221.85746,3568.1658576271666,3568.1658576271666,4614.072421423701,5006.2873828474,5529.240664745667
2024-12-12,2024-12-19,bullish,0.0,TP2+Trail,SPX500_USD,5855.6416,5855.6416,5679.286953710836,5679.286953710836,5961.454387773498,6067.267175546996,6208.350892578327
2024-12-22,2025-01-01,bullish,0.0,TP1+Trail,SPX500_USD,5855.6416,5855.6416,5668.212312625114,5668.212312625114,5968.099172424932,6080.556744849863,6230.500174749773
2025-01-02,2025-01-12,bullish,-1.0,SL,SPX500_USD,5947.4,5947.4,5781.935717230937,5781.935717230937,6046.678569661437,6145.957139322874,6278.328565538124
2025-01-13,2025-01-26,bullish,0.0,TP1+Trail,SPX500_USD,5923.9782,5923.9782,5745.40565056995,5745.40565056995,6031.121729658029,6138.265259316059,6281.123298860099
2025-01-27,2025-02-02,bullish,0.6000000000000023,TP2+Trail,SPX500_USD,5896.539,5896.539,5735.984086872059,5735.984086872059,5992.871947876764,6089.204895753528,6217.6488262558805
2025-02-03,2025-02-20,bullish,0.599999999999999,TP2+Trail,SPX500_USD,5913.0414,5913.0414,5734.920560010315,5734.920560010315,6019.913903993811,6126.786407987622,6269.28307997937
2025-02-23,2025-02-26,bullish,-1.0,SL,SPX500_USD,5995.2,5995.2,5875.448849310254,5875.448849310254,6067.050690413847,6138.901380827694,6234.702301379491
2025-02-27,2025-03-02,bullish,-1.0,SL,SPX500_USD,6002.2642,6002.2642,5870.101530225692,5870.101530225692,6081.561801864585,6160.859403729169,6266.589539548615
2025-03-03,2025-03-06,bearish,2.0,TP4+Trail,SPX500_USD,6059.6358,6059.6358,6197.297915264582,6197.297915264582,5977.038530841251,5894.441261682501,5784.311569470836
2025-03-10,2025-03-11,bearish,3.500000000000003,TP5,SPX500_USD,6059.6358,6059.6358,6204.78178252055,6204.78178252055,5972.54821048767,5885.46062097534,5769.3438349589
2025-03-23,2025-04-02,bullish,-1.0,SL,SPX500_USD,5771.2,5771.2,5455.617888559301,5455.617888559301,5960.549266864419,6149.898533728839,6402.364222881398
2025-04-08,2025-05-01,bearish,0.0,TP4+Trail,SPX500_USD,5684.784000000001,5684.784000000001,5895.489757148902,5895.489757148902,5558.36054571066,5431.937091421319,5263.372485702198
2025-05-04,2025-10-06,bullish,3.500000000000001,TP5,SPX500_USD,5187.5532,5187.5532,4737.232449587912,4737.232449587912,5457.745650247253,5727.938100494506,6088.194700824177
2025-10-08,2025-11-03,bullish,2.0,TP4+Trail,SPX500_USD,6494.2472,6494.2472,6333.869791369409,6333.869791369409,6590.473645178355,6686.70009035671,6815.002017261182
2025-11-04,2025-11-06,bullish,0.0,TP1+Trail,SPX500_USD,6666.2556,6666.2556,6462.1400099061975,6462.1400099061975,6788.7249540562825,6911.194308112564,7074.486780187606
2025-11-09,2025-11-13,bullish,0.0,TP1+Trail,SPX500_USD,6666.2556,6666.2556,6459.576804578686,6459.576804578686,6790.262877252789,6914.270154505577,7079.613190842629
2024-12-09,2024-12-17,bullish,2.0,TP4+Trail,NAS100_USD,20422.5508,20422.5508,19776.316263702185,19776.316263702185,20810.29152177869,21198.03224355738,21715.019872595632
2024-12-18,2025-01-01,bullish,0.0,TP1+Trail,NAS100_USD,21012.2468,21012.2468,20154.08733922072,20154.08733922072,21527.14247646757,22042.038152935136,22728.56572155856
2025-01-02,2025-01-06,bullish,0.0,TP1+Trail,NAS100_USD,21204.074,21204.074,20438.455831865325,20438.455831865325,21663.444900880804,22122.81580176161,22735.31033626935
2025-01-07,2025-01-12,bullish,-1.0,SL,NAS100_USD,21294.6728,21294.6728,20582.905543953395,20582.905543953395,21721.733153627963,22148.793507255927,22718.20731209321
2025-01-13,2025-01-26,bullish,0.0,TP1+Trail,NAS100_USD,21294.6728,21294.6728,20402.56679385366,20402.56679385366,21829.936403687803,22365.200007375606,23078.88481229268
2025-01-27,2025-02-02,bullish,0.0,TP1+Trail,NAS100_USD,21094.3456,21094.3456,20343.36298614647,20343.36298614647,21544.93516831212,21995.52473662424,22596.310827707064
2025-02-03,2025-02-23,bullish,0.600000000000002,TP2+Trail,NAS100_USD,21094.3456,21094.3456,20340.25809905337,20340.25809905337,21546.79810056798,21999.250601135955,22602.52060189326
2025-03-02,2025-03-16,bearish,2.0,TP4+Trail,NAS100_USD,21599.9752,21599.9752,22459.723397559228,22459.723397559228,21084.126281464465,20568.27736292893,19880.478804881546
2025-03-17,2025-04-24,bearish,1.2000000000000004,TP4+Trail,NAS100_USD,21054.9758,21054.9758,22490.033041186765,22490.033041186765,20193.941455287943,19332.90711057588,18184.86131762647
2025-04-27,2025-09-17,bullish,3.5,TP5,NAS100_USD,17873.8342,17873.8342,15974.080995906272,15974.080995906272,19013.686122456238,20153.538044912475,21673.34060818746
2025-09-24,2025-10-09,bullish,0.6000000000000015,TP2+Trail,NAS100_USD,23500.6024,23500.6024,22542.842569177454,22542.842569177454,24075.25829849353,24649.914196987054,25416.122061645092
2025-10-13,2025-11-06,bullish,1.2000000000000013,TP3+Trail,NAS100_USD,23832.6324,23832.6324,22774.277239350653,22774.277239350653,24467.645496389607,25102.658592779215,25949.34272129869
2025-11-09,2025-11-13,bullish,0.0,TP1+Trail,NAS100_USD,24873.189,24873.189,23770.235003416783,23770.235003416783,25534.961397949926,26196.733795899858,27079.09699316643
